symbol,token_name,tweet_time,entry_time,entry_price,delay_hours,evidence_source,return_24h,return_7d,return_30d,max_30d,min_30d,status,tweet_url,tweet_text,ocr_text
SUI,Sui,2025-03-03T10:09:21.000Z,2025-03-03T12:00:00.000Z,2.9464,1.84,文字,-18.84%,-23.65%,-15.93%,+2.29%,-33.39%,ok,https://x.com/nihaovand/status/1896503154046595354,"嘻嘻，前段时间深度分析了SUI 上的流动性激增的原因和他们的稳定币和 Defi 生态；并且登上了各大媒体的头版～ 

去年的这个时间，就看见SUI在大力激励 Defi 生态，现在已经见到了一个扩展性与流动性激增的生态，我们都在寻找下一个Solana 

我相信下一轮的 DEFI Summer 十分有可能发生在这里： 

- 受到激励的 DeFi 协议需求 
- 机构存款与交易所的冲提支持 
- 更加安全的架构....  

但是大家在学习的时候也要记得多喝水呀～ 关注@SuiNetworkCN & @Walrus_CN ，并且在评论区留言，我抽5份SUI 周边给大家！",
SUI,Sui,2025-03-06T14:12:53.000Z,2025-03-06T16:00:00.000Z,2.92,1.79,文字,-7.16%,-26.92%,-24.67%,+2.61%,-32.79%,ok,https://x.com/nihaovand/status/1897651601843916880,"SUI  牛逼，SUI 一根擎天柱，这下带大家胜利了

SUI 这三天一直使劲奶直接原地起飞！ 推文评论区抽100枚SUI，送给小水滴！",
SUI,Sui,2025-03-28T10:38:14.000Z,2025-03-28T12:00:00.000Z,2.5538,1.36,文字,-10.15%,-12.73%,+38.70%,+49.27%,-32.75%,ok,https://x.com/nihaovand/status/1905570117427343467,"GM，家人们，有一说一 OKX 的审美真的很好

每天睡醒第一件事是喝一大杯咖啡，然后回复所有消息并且关注一切；是一个S欲望很强的人，也是经验认知都很丰富的人，推进一切，让我们加油

空虚的脸只会被人诟病，有实力的哥不会被人攻击，很努力的，这几天带大家都赚不少：SUI、Morph NFT、Plume、Solv... 一切

会努力带大家赚钱的，也会给大家追寻更多福利；Sidekick. live 中",
SUI,Sui,2025-04-04T05:05:41.000Z,2025-04-04T08:00:00.000Z,2.2618,2.91,文字,-0.43%,-3.63%,+42.93%,+71.32%,-24.07%,ok,https://x.com/nihaovand/status/1908023144612577701,"My best friend Mosse 是我见过非常认真的Researcher 

我们曾共同研究过多个项目的叙事、框架，以及他们底层代码与运作方式的构成；

并且以此在市场上获得过大量的盈利，例如 SUI 生态的 Defi 和 LSDfi 理财，SUI当时价格是 0.7；

我相信我们会在一起发现更多机会，转发点赞关注 @Moose777_  我将抽出20位幸运儿送出10u❤️💜💚",0 0 RWAFI
BNB,BNB,2025-02-12T16:48:15.000Z,2025-02-12T20:00:00.000Z,692.89,3.20,文字+配图OCR,-4.07%,-5.70%,-15.17%,+5.64%,-26.83%,ok,https://x.com/nihaovand/status/1889718171462148584,"今天 Binance 的涨幅榜被 BNB Chain 生态统治了

让我们来关注下哪些已经上 Binance 的优质 BNB Chain 标的， 我已经购入了一些优质的基础设施代币；

欢迎大家在评论区补充，我会快速更新第二版速视图",Asian on chain 2025 QI BNB Chain Ecosytem 已 经 TGE 0 0 仅 列 出 已 经 TGE 且 值 得 关 注 的 项 目 X/Twitter @nihaovand @Asianonchian 截 止 至 ； 2025 / 02 / 11 BakerySwap 0 BNB Chain 上 的 一 体 化 DeFi 平 台 Four.Meme 0 BSC Meme 启 动 平 台 Lista DAO 用 于 借 贷 和 賺 取 收 益 的 开 源 流 动 性 协 议 ElIipsis 是 Curve Finance 在 BNB 链 上 的 授 权 分 叉 Venus Protocol 基 于 BNB 链 的 去 中 心 化 借 贷 平 台 BurgerCities 0 BNB 的 P2E MetaFi 平 台 Cookie3 Cookie3 正 在 构 建 一 套 MarketingFi 平 台 和 Web3 AI 营 綃 解 决 方 案 0 基 于 Binance Smart chain 的 流 动 性 挖 矿 优 化 器 PancakeSwap 0 BNB Chain 上 的 去 中 心 化 交 易 所 AIpaca Finance 0 贷 款 协 议 ， 允 许 在 和 Fantom 上 进 行 杠 杆 挖 矿 Biswap 0 其 用 户 提 供 了 交 易 BEP-20 代 币 、 提 供 流 动 性 并 获 得 被 动 收 入 作 为 回 报 DODO 去 中 心 化 的 交 易 平 台 BinaryX CyberDragon 和 CyberArena 背 后 的 GameFi 开 发 平 台 Thena 0 基 于 BNB Chian 的 自 动 化 做 市 商 SPACE ID SPACE ID 正 在 构 建 一 个 具 有 一 站 式 身 份 平 台 的 通 用 域 名 服 务 网 络 Test 由 BNB Chain 团 队 发 布 的 测 试 代 币
BNB,BNB,2025-03-08T15:08:35.000Z,2025-03-08T16:00:00.000Z,599.46,0.86,文字+配图OCR,-6.49%,+2.01%,-7.62%,+7.58%,-15.42%,ok,https://x.com/nihaovand/status/1898390396201578959,"给大家发个BNB红包！ 少关注八卦，多关注福利，AsianBro 又给大家带来奖励了，多研究，多学习，多领奖

顺便给大家Firefly的周边空投～ 评论区留言，我抽10位粉丝宝宝，爱大家💜
https://t.co/B9RNIJ5xhV! #FireflyLuckyDrop https://t.co/mWbQTMP8OI",《 '•/ibe check HO 是 丿 鬥 0 门 d 彐 ？ PO uour 甬 00d 比 旷 OL h Fireflu. 0 · 1 BNB Fro
BNB,BNB,2025-08-16T07:54:55.000Z,2025-08-16T08:00:00.000Z,835.4,0.08,文字,+3.13%,+6.35%,+10.14%,+13.11%,-2.01%,ok,https://x.com/nihaovand/status/1956625705372094706,"恭喜 BNB 前几天突破新高，说实话这是意料之中的事。我觉得 BNB 已经不可避免成为最长期的标的之一了

因为BNB是目前所有代币中，生态最完善的代币了

- Binance 交易所回购（顶级CEX的支持），最近都喜欢炒币股，没有人发现 BNB 就是 Binace 的股么，最真实的RWA概念

同时 Binance Alpha 支持，保持链上不断有新资产发行

10X Capital 与 YZi Labs 也开始合作推动 BNB 走向传统金融市场。

BNB 其实已经逐渐脱离 Binace 平台币的概念了 ：

- 完善的基础设施生态
- 成为高性能公链
- 更多的活跃用户与稳定币资产支持...... 有很多朋友只会买币不会卖币，只有BTC/ETH只买不卖不会让你亏钱，BNB目前看来是第三个

祝贺 BNB ATH，回调的话，我再加点",Aperture | f / 2 ． 5 Shutter 《 1 / 90s ISO | 800
SOLV,Solv Protocol,2025-03-17T10:46:01.000Z,2025-03-17T12:00:00.000Z,0.04032,1.23,文字,-7.09%,-11.93%,-43.60%,+2.38%,-46.35%,ok,https://x.com/nihaovand/status/1901585811281490122,"深度研究和分析了 SOLV 在比特币领域，以及机构资金采用的关键实力和作为优质标的的可能性

去年这个时候比特币赛道正在火热进行，而现在这个阶段关键的趋势已经表现出来了：

1️⃣ BTCFi：从实验阶段迈向增长型赛道

2️⃣ 主流资金将大规模采用加密货币

在这样一个基础上 SOLV 的确是最优质的标的，因为其也正在走向一站式的大规模资金理财门户、Defi 生态的流动性提供层等基础

举手赞赞，也欢迎宝宝们留言交流，评论区我抽 10份SOLV的周边和 1k Solv Token 给大家！",T-shirt 44SOlV Bottle SOIV SOIV Cap SOIV
SOLV,Solv Protocol,2025-03-28T10:38:14.000Z,2025-03-28T12:00:00.000Z,0.03157,1.36,文字,-8.58%,-13.21%,+0.19%,+10.83%,-31.49%,ok,https://x.com/nihaovand/status/1905570117427343467,"GM，家人们，有一说一 OKX 的审美真的很好

每天睡醒第一件事是喝一大杯咖啡，然后回复所有消息并且关注一切；是一个S欲望很强的人，也是经验认知都很丰富的人，推进一切，让我们加油

空虚的脸只会被人诟病，有实力的哥不会被人攻击，很努力的，这几天带大家都赚不少：SUI、Morph NFT、Plume、Solv... 一切

会努力带大家赚钱的，也会给大家追寻更多福利；Sidekick. live 中",
GPS,GoPlus Security,2025-02-01T10:16:26.000Z,2025-03-04T12:00:00.000Z,0.1048,745.73,文字+配图OCR,,,,,,excluded_first_day,https://x.com/nihaovand/status/1885633300997558476,"更新了一下 2025 Q1 大概率 TGE的项目

弱弱提醒下个各位 Q1 只剩下 2 个月了哦～ 各位 Founder  记得过完春节复工发币，空投/拉盘代币涨涨，让大家美美过完 2025 

目前表现最好的是： GPS/Goplus，冲！ https://t.co/PXc1QWbm64",Asian on chain 2025 QI TGE 不 代 表 官 方 ， 非 最 终 结 果 ， 为 大 概 预 测 X/Twitter @nihaovand 截 止 至 ： 2025 / 02 / 01 ， 变 色 字 体 为 已 TGE 0 @ ． 0 。 0 0 List （ 以 下 排 名 不 分 先 后 ） 0 0 SoIayer 0 Nillion 0 Duckchain Pinai Humanity 0 Jambo Nodepay 0 Tea 的 Mint 0 Plume 0 Goplus 0 Taker 0 SOIV Redstone 0 ． Azuki 0 Bio Analog Doubler ． Soon 0 Alaya 6 ArteIa 9 StO ry L-• Linea DIN 0 Sign 0 KeIp DAO UtXO Stack
GPS,GoPlus Security,2025-03-13T12:47:48.000Z,2025-03-13T16:00:00.000Z,0.0352,3.20,文字,-1.70%,-7.39%,-38.64%,+26.42%,-44.89%,ok,https://x.com/nihaovand/status/1900166906067509509,"但是我只想问哥姐们，做kol真能把这些亏损填平么🚬

🚬评论区抽300u的GPS，让我开心开心吧🚬只能努力Builder加油赚钱了 https://t.co/ZzcoC5uGiz",7 日 20 ： 45 30 日 0 90 日 现 货 盈 亏 自 定 义 累 计 收 益 2025 一 03 一 13 · $ 538 ， 409 5
GPS,GoPlus Security,2025-07-12T11:54:19.000Z,2025-07-12T12:00:00.000Z,0.02481,0.09,文字,-1.53%,-5.76%,-31.96%,+5.08%,-34.70%,ok,https://x.com/nihaovand/status/1944002376580706660,"其实一周赚1M还是10M，都只是很正常的事情，因为这里就是流动性巨大的金融市场，无时无刻都有人赚钱与亏钱  

而且无论赚多少钱，也不会证明你牛逼或者失败，这只能证明在这样的市场情况下，我是正确的  

因为财富不是社会衡量一个人的标准，在社会上，我们靠人品立身，靠价值观改变世界观  

我们生活在一个共同奔赴美好生活的社会里，人人都做“市场”人的世界是可悲的  

大家如果只看到所谓的造富神话而fomo，或者心态受到影响。都是不明智且不理智的。

我分享部分仓位只是想证明，坚持就会有回报  过去的几个月，我也见证了很多造富神话，经历了从焦虑到平和

但我只想说：  无论如何，都只是起点，Crypto 依旧是年轻人最好的上升渠道  

以及通知一下大家！赚了一些钱，想为行业做些更有益的事情

我将拿出我个人持仓的 1M $GPS 和 @GoPlusZH  共同成立一个安全基金  

代币由我和 Goplus 以及社区代表共同管理，归集到一个统一的地址上，每个月将释放5%用于安全事业，我希望能够提高大家在黑暗森林的信心  

- 我将拉一个微信安全社区群 
- 任何朋友的被盗事件欢迎联系支持，就像过去我通过 Goplus Team 帮助好几个朋友那样  

其实这些钱没多少，我的简介里之前有一个是“点蜡烛的人”，因为在去年无数VC Coin 的推广中，我的Buy in 就像蜡烛一样拉一个小线  

现在，我和 Goplus 一起做点蜡烛的人，定位安全，在黑暗森林里给大家留一点烛光，并且长期坚持，我不会离开市场

如果有一天这个公益安全事业没有声音了，不再坚持，那无论赚多少才是真的失败",
GPS,GoPlus Security,2025-07-25T10:18:01.000Z,2025-07-25T12:00:00.000Z,0.02036,1.70,文字+配图OCR,+2.01%,-10.31%,-38.85%,+8.74%,-42.24%,ok,https://x.com/nihaovand/status/1948689185306804511,"在这个行业经历了两轮牛熊，一直在做builder，也赚到了一些钱

比起投机，我现在更想把精力用在一些真正能推动行业进步的东西上

所以联系了 @GoPlusZH 一起，发起一个长期的安全基金计划，为行业、也为更多 builder 提供一点实际支持。

现在正式大家宣布，这一个被盗的微小烛光已正式上线

链上地址是：0xCad286F2712ad019BD7EFc4A3FD66EA9204E766a

GoPlus 团队和社区代表共同管理，每月释放 5%，长期用于 Web3 安全相关的支持与建设

当面临以下任何问题的时候，可以联系 @nihaovand_live  @Oliverwoww 通过释放的  $GPS 帮助到你

- 资产被盗，监控丢失资产
- 安全相关的活动教育
- 线下活动的赞助.....等等

我个人精力可能没有那么多，也希望大家谅解，我会慢慢的去推动更多安全相关的事情

社区或者粉丝有想法都可以联系我，我一定会鼓励并且支持大家！

除此之外，GoPlus 也刚刚推出一个更大的安全基金，总额 5 亿枚 GPS

分为两个部分：

- 4亿枚 Staking 奖励池：质押 GPS 可获得基础 APY、安全生态分红（如合作项目空投）、以及基金会回购带来的通缩红利，奖励生态的长期支持者。

- 1亿枚赏金池：鼓励大家参与安全情报提交、黑灰产识别、AI安全工具开发、链上预警等，每个高质量报告最多可获得 10,000 GPS。

未来还会引入社区投票机制决定赏金分配。

我们都希望能够搭建一个“可持续的安全体系”，而不是一阵风的热度。让更多人因为认真做安全而被看见，被回报，也愿意留下。  在黑暗森林里，我们一起点一根蜡烛，哪怕开始微弱，也想坚持久一点。

欢迎更多朋友参与进来，无论是构建者、Staker，还是被黑受害者——我们尽可能提供支持。

安全这事，如果没有人坚持，那才是真的危险。行业未来还有无数年，我们一起坚定持续的 Builder，加油！",Transactions 厢 “ 仳 《 Tra 的 № TokenTransfers （ C ． 20 ） 0 Ca 毓 t Events MultiChain PO 酐 甬 Multichain Po 0n0 《 35 Chains $1 34 000 Chain BASE T 醵 凹 0 GoP 《 us Security (GPS) 1 佣 和 00 ％ $O ． 020579 7500 0 就 updated:lessthan 1 0 $ 1 434 俑
SIGN,Sign,2025-02-01T10:16:26.000Z,2025-04-28T08:00:00.000Z,0.03,2061.73,配图OCR,,,,,,excluded_first_day,https://x.com/nihaovand/status/1885633300997558476,"更新了一下 2025 Q1 大概率 TGE的项目

弱弱提醒下个各位 Q1 只剩下 2 个月了哦～ 各位 Founder  记得过完春节复工发币，空投/拉盘代币涨涨，让大家美美过完 2025 

目前表现最好的是： GPS/Goplus，冲！ https://t.co/PXc1QWbm64",Asian on chain 2025 QI TGE 不 代 表 官 方 ， 非 最 终 结 果 ， 为 大 概 预 测 X/Twitter @nihaovand 截 止 至 ： 2025 / 02 / 01 ， 变 色 字 体 为 已 TGE 0 @ ． 0 。 0 0 List （ 以 下 排 名 不 分 先 后 ） 0 0 SoIayer 0 Nillion 0 Duckchain Pinai Humanity 0 Jambo Nodepay 0 Tea 的 Mint 0 Plume 0 Goplus 0 Taker 0 SOIV Redstone 0 ． Azuki 0 Bio Analog Doubler ． Soon 0 Alaya 6 ArteIa 9 StO ry L-• Linea DIN 0 Sign 0 KeIp DAO UtXO Stack
SIGN,Sign,2025-03-21T04:25:02.000Z,2025-04-28T08:00:00.000Z,0.03,915.58,文字,,,,,,excluded_first_day,https://x.com/nihaovand/status/1902939485194928367,"点赞评论这条推文Sign yanxin 之神将保佑一切合约赌狗和德扑玩家，百战百胜，起手AA

@realyanxin @sign  因为我邀请了德扑大师开光，🍊家人加油 https://t.co/1gt5AQ5Azm",
SIGN,Sign,2025-03-25T03:50:48.000Z,2025-04-28T08:00:00.000Z,0.03,820.15,文字,,,,,,excluded_first_day,https://x.com/nihaovand/status/1904380418314629256,"🍊🧡准备拿出来 1ku 作为 @sign  社区福利基金

做 30 Day 的抽奖活动，报销拼好饭、请大家喝奶茶、送保温杯，满足一切；真正的关怀是对社区，真正的 KOL 是热爱社区；Sign 加油 👀 我们会看见你们的一切；

Talyer 是 Sign 社区的贡献者， @tailai99 将作为 Sign 社区节点验证发放给社区🧡🍊

D1 ：本日主题是，给大家报销外卖订单，请大家吃顿饭🍊🧡",0 0 老 乡 开 门 来 送 牛 奶 了 1 / 彐 0 DAY GET START€D @nihaovand
SIGN,Sign,2025-03-30T09:40:45.000Z,2025-04-28T08:00:00.000Z,0.03,694.32,文字,,,,,,excluded_first_day,https://x.com/nihaovand/status/1906280425959604311,"人在剧组，已经喘不上了，sign加油….

今天的sign 社区活动逼话不多，留下你的幸福时刻，或者你正在干什么，空投大量sol出去，仅此而已 https://t.co/Io6OMxwYBT",
SIGN,Sign,2025-04-15T07:22:38.000Z,2025-04-28T08:00:00.000Z,0.03,312.62,文字,,,,,,excluded_first_day,https://x.com/nihaovand/status/1912043874194997304,"继续今晚的直播，以及OMG，今晚的Hey hey hey 嘉宾 @roguescholarbro 将要到来

跟我们讲述：橘子种植的核心技术；@Sign  如何如此亲民，社区伙伴为何如此热爱；本人将在直播间送出十框橘子，由Megan 现场抽出！一起吃🍊

今晚 21:30，我在橘子林等你们⬇️直播链接在评论区",卜 1 n 4 月 15 日 VandNi&Megan
SIGN,Sign,2025-04-16T01:58:20.000Z,2025-04-28T08:00:00.000Z,0.03,294.03,文字,,,,,,excluded_first_day,https://x.com/nihaovand/status/1912324649339482347,"我直播间现场打劫，为大家带来100份周边，详情请看我和小蛋糕的对话

感谢 @roguescholarbro 带来的100份 Sign 周边，咱们评论区抽30份， @sign 抽50份

转发，关注，评论区说你爱我，懂得都懂；感恩🍊🍊🍊 https://t.co/9wVmPtoOO4",今 天 继 续 轻 松 找 密 码 ， 穿 越 噪 音 ； 21 ： 30 Mcgan 会 / 一 SIDEKICK 》 SIAN RO AND | ：：：：二过@NIH黼嬷ND CRYPTO RIRDROP INCOMING! 0 SIDEKICK 碜 0 0 meet.google.comfnrg 00 “ ， ： 忡 《 Mg-XiOC•rmf 0 @
SIGN,Sign,2025-04-25T12:56:26.000Z,2025-04-28T08:00:00.000Z,0.03,67.06,文字,,,,,,excluded_first_day,https://x.com/nihaovand/status/1915751757759783062,"今年我已经23岁了，即将度过24岁的生日

我收获了很多，也失去了很多，但只有一点：我们都在不同的阶段追逐着下一个阶段的自己

21/22岁的自己会对23岁的自己叮嘱很多，但现在 23岁的自己只想说：放手一搏吧

sign是个有生命力的团队，希望能看到sign每一年的生日🎂 我们一直在加密世界生存/生活，共同庆祝每一个新生",
SIGN,Sign,2025-04-25T16:59:53.000Z,2025-04-28T08:00:00.000Z,0.03,63.00,文字,,,,,,excluded_first_day,https://x.com/nihaovand/status/1915813025250251160,"查询了一下自己🍊，感恩自己 Holder NFT 到了最后 $SIGN；甚至还有经常的社交媒体上cook的空投

🍊🍊🍊多吃橘子🍊🍊🍊

我宣布，直接抽出来50箱橘子，让大家维C自由！ @hoidya_ 负责帮我监督工作和给大家抽出发送，我爱大家，yang ge爱你们🧡",
SAHARA,Sahara AI,2024-11-01T13:23:57.000Z,2025-06-26T12:00:00.000Z,0.02,5686.60,文字+配图OCR,,,,,,excluded_first_day,https://x.com/nihaovand/status/1852340806440628327,"社区@AsianOnChain 用 Rootdata 做了一份 Binance Labs 今年投资项目的汇总，Mapping 图表欢迎自取使用

蛮值得关注一下的，很明显看到 Biance Labs 的投资还是很全面的，涵盖了大多数赛道：AI、Defi、infra、RWA、AI 和 Consumer/game ... 均有涉及

其中已经发币的项目在 Biance Listing 的概率蛮高的，还有几个未发币的值得关注下：

@myshell_ai ：去中心化AI消费者层（个人认为是，AI时代的抖音商学院

@Sidekick_Labs ：基于区块链的游戏和社交网络（ 这轮周期的 CHZ，带来大规模采用

@saharaai ：Sahara 是一个无需信任、无需许可且以隐私为中心的网络（ 让全世界劳动力参与到 AI 数据训练与模型保护

@zerobasezk ：ZEROBASE 是一个实时 ZK 证明器网络（ ZK 证明* 极速版，可以供现实世界采用",Binance Labs 2024 investment @nihaovand 截 止 到 2021 / 11 / 01 毒 R()()TDATA BounceBit Strategc Jan Jul Bracket Seed S2M Memeland strategtc Puffer Finance Strateg ℃ MikYWay Seed S5M Babylon 0 0 aPriori Strateglc Renzo Protocal Zest Protacol $ 3 ． 5M Ethena Seed Plus S14M UXLJY Pre-A S8M Catizen Strategic S4M Sahara Series $ 43M 00 Vooi NFTPrompt Movement Myshell Sidekick lnfrared Rango Exchange Zircuit Blum Zircuit Pentagon $6M Aggregate Oct 0 Corn Seed $ 67M Solayer Seed $ 12M OpenEden Strategic ZEROBASE S5M So on Hemi Network 引 5M 0 Moonwalk Seed $ 3 ． 4M Lombard 引 eg 记 SIM Particle Network Aug Opinion Labs Asian on chain
SAHARA,Sahara AI,2024-12-19T12:01:15.000Z,2025-06-26T12:00:00.000Z,0.02,4535.98,文字+配图OCR,,,,,,excluded_first_day,https://x.com/nihaovand/status/1869714612658278568,已经被 Sahara AI 的登录界面震惊了，拉一个早期群，准备all im https://t.co/40Q7rwyo7q,Sahara 大 沙 漠 冲 冲 群 （ 3 ） 本 群 非 官 方 ， 只 是 sahara 早 期 交 互 交 流 互 相 教 学 ． ． 19 ： 55 你 邀 请 chester 、 Tc 加 入 了 群 聊 群 公 告 本 群 非 官 方 ， 只 是 sahara 早 期 交 互 交 流 互 相 教 学 打 卡 群 链 接 ： app.saharalabs.ai 设 为 群 待 办
SAHARA,Sahara AI,2024-12-29T07:34:30.000Z,2025-06-26T12:00:00.000Z,0.02,4300.43,文字+配图OCR,,,,,,excluded_first_day,https://x.com/nihaovand/status/1873271358484074504,"我认为 Sahara 就是颠覆性的创新，因为最近社区做题的小伙伴跟我说：怎么感觉官方真的把B端企业的工作派给大家了？

🌟 在我看来全球化的职业网络正在形成，并且这个职业网络将服务于万亿级的 AI 市场

🌟 欢迎对 Sahara 感兴趣的宝宝们周一来听Sahara Discord space，我会带大家冲！

🌟 时间：12/30 北京时间 9PM",业 Sahara AI （叵@0@二） 第 一 次 的 心 声 ： 与 大 家 畅 聊 测 试 网 与 新 征 程 12 / 30 北 京 时 间 9PM 晡 《 5 whitelist spots for Season 1 VandNi CO丰伽“嫔@S星“0剡 Danzel C 》 1 脚0虫霰t@50湎咝a
SAHARA,Sahara AI,2025-02-21T19:56:45.000Z,2025-06-26T12:00:00.000Z,0.02,2992.05,文字+配图OCR,,,,,,excluded_first_day,https://x.com/nihaovand/status/1893027096286699880,"Sahara 仍然在以最快的进展更新他们的一切，参考我之前的推文 ；最近看到社区有很多问题，这条推文将解释一切

Sahara正在不断完成里程碑任务：

第一个里程碑是

第一赛季的结束，第二赛季的开始（候补名单上有超过 200 万人，第二个赛季已经增加了 100,000 名参与者

Sahara 以卓越之姿引领了大规模社区的采用，这也是最近我们感受到异常封禁与繁复的人机验证的原因

这可以体现团队想把更多的空投发送给真实用户的想法，因为Sahara的特殊机制，撸猫机器人的答案将污染数据库让数据集的建立难以进行下去；

但社区参与者无需担心Sahara 依旧是公平的，因为人机无法进行人类大脑特有的工作，我们只需要给团队更多的时间解决数据污染等问题

这段时间你可以好好休息喝杯咖啡，在社区聊天，想想如何构建一个更美好的 AI 家园，我就是你们的家人

第二个里程碑是

AI Studio 的预备发布，这里提到一个关键信息，Sahara 将支持整个 Ai 生态的发展，这是我们从 rodmap 里面能读取到最大的信心

我们所有早期参与者应该发现你不仅会从 Sahara 本身的 Data Services 的到收益，还有可能在将来 Sahara AI 生态飞速发展的过程中获得更多，这是一个我们需要支持的重点

向所有使用 Sahara Ai Studio 的 Ai 合作伙伴和 DEV/开发者 展示这里有最强大的社区

同时值得一提的是， Sahara 在去中心化数据标注时已经产出了高价值的可靠数据

在同行评审机制，最终92%过审数据都符合质检标准

这说明 Sahara 的产品未来完全可靠，只要设计好激励机制和验证规则，分布式协作完全能产出可靠数据；

这次我见到了Sahara 最大的投资者之一，也是我的好友；我问他 Sahara 真的有现实收入吗？ 

他告诉我，他们做了客户访谈以及细致的调查；他们真的有，此前的 AMA 活动 @tz_sahara 有提到具体的商业案例

从整个 AI 行业的趋势来看，公开数据尽管成本更低，但是真正珍贵的是需要人工创造的高价值数据；也就是你今天作为审阅或者注释提供的一切劳动成果

此前，我们曾做过一个测试AI安全性""越狱提示词""的任务，产出了24,000+条无法被爬取的稀缺数据；

我真的感叹社区的智慧，恭喜你们战胜了 ChatGPT，也战胜了任何公开数据；这样一个数据集，是非常稀缺且具备商业价值的，他能提高AI模型的安全程度，那你们认为这样一个数据集是否具备价值呢？

现在我们正从1万贡献者扩展到10万规模，同时升级自动化验证和反欺诈系统

给团队更多信任，我相信绝对的实力与长期建设的决心能够让我们共度难关

社区的强大不会稀释任何参与者的价值，相反因为更多人的加入我们将走得更远，但前提是你 Builder，依旧构建最大的 AI 社区，让我们加油",Asian on chain 解 释 sahara 近 期 任 务 类 型 初 学 者 中 级 接 受 的 数 据 点 数 149 717 56 ， 610 总 提 交 数 179 ， 889 84 ， 261 同 行 评 审 接 受 率 83 · 23 ％ 67 ． 18 ％ 这 些 信 息 通 过 展 示 了 Sahara 提 供 数 据 的 可 扩 展 性 和 有 效 性 YOUR KNOWLEDGE ， YOUR AI 内 部 QA （ 同 行 评 审 准 确 率 ） 94 ， 35 ％ 88 · 14 ％ Sahara AI
SAHARA,Sahara AI,2025-06-15T16:25:35.000Z,2025-06-26T12:00:00.000Z,0.02,259.57,文字+配图OCR,,,,,,excluded_first_day,https://x.com/nihaovand/status/1934286174136537104,"你觉得贵，我觉得不贵，所以我的钻石够闪。市场目前超募了7倍。按照超募比例开盘，TGE FDV 4-5b

今天开心，发1ku红包给大家，评论区留下你跟我的真实故事即可

最近也市场比较冷淡，所以没有经常出现，因为落子无悔，找到当前局势下胜率最大的布局即可；Sahara 是其中之一

一切都是那么简单，我记得刚宣布ICO的时候，社区有很多人在骂，我极力的劝了大家，听进去的赚钱，没听进去的不赚钱，就仅此而已

我们当初参与就是看好项目本身，Sahara 产品、技术、融资都在各方面向好，难道不应该更加看好么，相信 @tz_sahara  愿意跟我们走更远的决心即可","Sahara AI 0 0 0 Sahara 虑 the first full-StaCk, Al-native blOCkChain platform where anyone can create, contribute ， and mOnetize 刘 development, making the future 引 more accessib 《 0 equitable, and open tO 《 Action Log Status Subscription Rewew Contributing 03m0 TC 》 Settlement Progress 0f Target Target Raised Completion Project Details TOken Name $ 500QQ0 $ 62 ， 696 ， 22 & 09 73 杰 60 ％ 63 丿 0 over 四 SAHARA"
SAHARA,Sahara AI,2025-06-25T05:53:01.000Z,2025-06-26T12:00:00.000Z,0.02,30.12,文字,,,,,,excluded_first_day,https://x.com/nihaovand/status/1937750860664307975,"终于跟随大家在大沙漠里淘得了黄金和钻石 

一路走来，说实话 Sahara 赚的是辛苦钱，但至少是赚钱了的。大部分代币都给到了社区，大家都开心，我也拿到了很多

但还是有人说 sahara 很小气，我只想说：因为 Sahara 在乎的是我们这些普通人

群里有人说：KOL yap 牛顿给了几千刀，牛顿很大方

可是有几个人是KOL？我影响力其实不小，两嘴一张也能拿个几千刀，但大家呢？自己手里有没有拿到钱最重要，这个世界有很多骗局，每个人都基于自己的利益出发

Sahara 在乎的是，社区这些发不出的声音。这个世界从来不是谁声音大谁有理。枯燥答题的瞬间、第二期测试谷歌验证的烦躁，才是社区真正的声音

我相信很多人生来没那么富有，生活在在二三线城市，甚至还可能因为钱的问题跟老婆吵架。但这就是我们应该面对的，

每个人都想在华尔街觥筹交错，看别人赚了多少钱

但那不是你的生活，不要被别人带了节奏，大家都是普通人

这波赚钱，是从头信到尾，第一期测试就开始，第二期经常bug烦躁，ico我说：你们不要的话，我买走额度。

这波赚钱，是大家熬过无数个日夜。我记得我给项目方提过建议：每周留一天假期给大家。因为我们想休息，我们不想每周都每天6小时答题

Sahara 在乎的是这样的声音，因为他们很清楚自己立足的根本。 tyler 之前的工作经验就已经很顶级，当然也可以说：你们这群屌丝就不能努力点？

但没有人会这么做，他们在努力调动身边的一切给大家谋取最大的福利。

不要被无关的事带了节奏，看看身边社区的大家，这波赚钱，是大家一起从头信到尾

觉得赚了钱马上要卖出退群，或者做空的，请你立马这么做。我只想跟大家说：属于我们的故事再次开始，我们依旧是从头信到尾，持续赚钱

在撒哈拉大沙漠里，寻找更多的黄金、钻石、绿洲。都是辛苦钱，真的很想哭，大家也post下自己答题的枯燥瞬间吧，我继续抽 10 个 520 给大家，开心一点",JCSahara ara
ASTER,Aster,2025-10-26T04:50:17.000Z,2025-10-26T08:00:00.000Z,1.172,3.16,文字+配图OCR,-6.23%,-19.28%,-0.26%,+20.05%,-30.29%,ok,https://x.com/nihaovand/status/1982308782568087571,"看来赚钱的最好方式是持有 $Aster ，以及跟单交易

GM，身心俱疲的亏钱，让我们好好休息一下吧 https://t.co/AIv7evrSA4","BINANCE
现 货 账 户 余 额 834 ， 177 ． 04649 可 用 资 产 834 ， 177 · 04649 平 均 买 入 价 交 易 ASTER/USDT ASTER/USDC 1 · 180 1 · 180 + 4 ． 24 ％ + 4 ． 24 ％ ASTER $ 984 ， 328 · 91 不 可 用 0 · 00 今 日 盈 亏 + $ 32 ， 532 · 90 〉 ASTER/TRY 49 · 53 + 4 ， 20 ％
定 比 跟 单 @ 定 投 计 划 净 跟 单 金 额 19 ， 929 ， 1755 已 实 现 盈 亏 (USDT) + 7 ， 127 · 8740 分 润 ±M(USDT) 70 · 8244 分 润 比 例 10 ％ 调 整 余 额 保 证 金 余 额 (USDT) 26 ， 253 ， 1423 未 实 现 盈 亏 (USDT) 一 802 ． 4986 净 盈 亏 (USDT) + 7 ， 057 ． 0496 跟 单 时 间 2025 / 10 / 17 15 ： 50 设 置 结 束 跟 单 0"
ASTER,Aster,2025-11-15T04:13:13.000Z,2025-11-15T08:00:00.000Z,1.148,3.78,文字,+5.40%,+2.53%,-20.99%,+22.56%,-23.17%,ok,https://x.com/nihaovand/status/1989547210296402150,"这个账户原本只有 20,000 USDT

但我在 Aster 开始交易，一个月之后它从20,000—75,830，并且全是做多的交易，没有做空

Aster 真的在帮助大家资产增长，朋友们给我看看你们的变化过程，我会送100u的幸运钱给你们🥳 https://t.co/vzVesyjGdg",资 产 永 续 合 约 现 货 总 厼 额 (USD) O 75 ， 830 · 90 禾 实 现 盈 亏 (USD) O.OO 7 天 盈 亏 _(USD) 一 ] 9 ， 985 ， ] 5 充 值 0 Oxf2 “ ． 67 ] 4 钱 包 东 额 ． 〈 USD ） 75 ， 830 ． 90 提 现 转 账 邀 请 好 友 赚 取 高 达 ℃ ％ 返 利 ！
PLUME,Plume,2025-02-01T10:16:26.000Z,2025-08-18T12:00:00.000Z,0.072,4753.73,配图OCR,,,,,,excluded_first_day,https://x.com/nihaovand/status/1885633300997558476,"更新了一下 2025 Q1 大概率 TGE的项目

弱弱提醒下个各位 Q1 只剩下 2 个月了哦～ 各位 Founder  记得过完春节复工发币，空投/拉盘代币涨涨，让大家美美过完 2025 

目前表现最好的是： GPS/Goplus，冲！ https://t.co/PXc1QWbm64",Asian on chain 2025 QI TGE 不 代 表 官 方 ， 非 最 终 结 果 ， 为 大 概 预 测 X/Twitter @nihaovand 截 止 至 ： 2025 / 02 / 01 ， 变 色 字 体 为 已 TGE 0 @ ． 0 。 0 0 List （ 以 下 排 名 不 分 先 后 ） 0 0 SoIayer 0 Nillion 0 Duckchain Pinai Humanity 0 Jambo Nodepay 0 Tea 的 Mint 0 Plume 0 Goplus 0 Taker 0 SOIV Redstone 0 ． Azuki 0 Bio Analog Doubler ． Soon 0 Alaya 6 ArteIa 9 StO ry L-• Linea DIN 0 Sign 0 KeIp DAO UtXO Stack
PLUME,Plume,2025-03-28T10:38:14.000Z,2025-08-18T12:00:00.000Z,0.072,3433.36,文字,,,,,,excluded_first_day,https://x.com/nihaovand/status/1905570117427343467,"GM，家人们，有一说一 OKX 的审美真的很好

每天睡醒第一件事是喝一大杯咖啡，然后回复所有消息并且关注一切；是一个S欲望很强的人，也是经验认知都很丰富的人，推进一切，让我们加油

空虚的脸只会被人诟病，有实力的哥不会被人攻击，很努力的，这几天带大家都赚不少：SUI、Morph NFT、Plume、Solv... 一切

会努力带大家赚钱的，也会给大家追寻更多福利；Sidekick. live 中",
PLUME,Plume,2025-04-04T13:35:37.000Z,2025-08-18T12:00:00.000Z,0.072,3262.41,文字+配图OCR,,,,,,excluded_first_day,https://x.com/nihaovand/status/1908151471570567464,"这是一条道歉视频💙🧡❤️ 大家非常热情，一不小心大量的涌入给老师个人直播间干崩了，正在紧急修复中

那老师先下线，推迟到明天，周六或者周日晚上九点继续上线讲解我们今天的主题：

🔴 RWA 与 RWAfi 到底是什么，以及 Plume 在这个过程中的特殊地位
🔴 了解美林时钟，一起探讨区块链行业的周期性，避免被下降周期中的FUD声音影响

感谢 @HeyfishYC  老师立马给粉丝 V了 1000，宝宝们周五晚上娱乐一下吧！我也去写一个更好的脚本向大家介绍Plume和美林时钟💙🧡❤️ Let's fuck gogogo

以及老师也给大家带来福利，评论转发本条推特，我将选出10名幸运儿获得 Plume 的代币空投（我很大方的，空投自己买的币哈💙）",X.COm/ihaOV习 nd / 螫 amsJ1907625134728646947 [ 」 CryptO [ 」 00 唧 》 0 [ 〕 Research 《 过 田 rtg ， Readium Ecosysten 》 《 PI 《 “ 巳 了 《 通 知 × 仞 x 上 的 v “ dNll 0 》 责 产 配 0 指 南 针 ． 材 0 x 壓 新 后 动 即 可 更 新 [ 0 ， 岳 0 ， k ehn [ 〕 0 诹 box [ 〕 咬 过 @ 0 * 0 [ 」 Research [ 〕 u 邝 以 命 0 回 口 丛 0 SIDEKICK 主 页 探 索 私 信 Grok Premium 书 签 社 群 文 章 “ 文 章 价 值 镯 定 》 RWA 是 艋 能 Web3 的 巨 大 机 会 。 但 开 采 RWA 的 念 矿 仍 存 有 一 些 碍 》 包 括 RWA 上 链 即 沆 睡 、 现 实 资 产 与 加 巒 市 场 的 一 致 性 困 境 和 去 中 心 化 与 合 规 的 平 窗 性 等 ， RWAfi 为 上 述 困 境 提 出 了 解 决 方 案 。 RW 黼 的 定 义 ： RWA 提 出 将 頁 实 世 界 资 产 代 币 化 一 想 法 ， 但 却 并 末 提 出 如 何 繁 茉 整 个 涟 上 生 态 的 实 昕 举 撾 ； 而 RWAfi 则 是 RWA 繁 荣 的 具 体 路 径 》 是 赛 道 不 可 或 的 基 础 设 施 。 为 了 实 现 RWA 适 上 价 值 的 放 ， RWAf 健 设 更 高 效 的 技 术 层 架 构 、 开 放 的 基 础 设 施 工 貝 集 和 完 善 的 生 态 系 进 行 协 同 · Plumeq 述 Plume 是 目 前 行 业 内 首 个 以 RW i 为 定 位 的 链 上 生 态 ， 其 推 出 了 首 个 专 为 RW 设 计 的 LI 公 链 。 其 茗 特 点 在 于 将 代 币 化 流 程 和 合 机 原 生 集 成 到 区 块 涟 架 构 中 。 持 有 者 和 机 构 投 资 者 能 够 利 用 链 上 糸 的 优 势 ， 而 无 霄 掌 握 大 最 技 术 或 开 发 复 杂 的 基 础 设 施 》 并通 过 引 入 Proof-of-Representation 的 新 安 全 棖 型 ， 代 币 化 的 RWA 本 身 成 为 区 块 链 安 全 模 型 的 一 部 分 ， 将 具 安 全 性 与 资 产 价 值 直 接 挂 钩 。 PlumeBkt$: 主 要 包 括 A ℃ 、 智 能 钱 包 和 № xus 三 个 核 心 组 件 。 各 个 组 件 共 同 协 作 ， 提 供 化 且 安 全 的 环 境 ， 用 于 管 理 各 种 资 产 类 别 、 确 保 合 规 性 并 促 进 数 据 集 成 。 剜 ume 的 定 位 ： PlumeE 0 身 的 设 计 来 定 义 R Afi. 通 过 模 块 化 架 构 、 PoR 机 制 、 合 规 引 擎 与 动 态 监 管 适 配 、 真 实 收 益 与 流 动 性 创 新 等 “ 豇 “ 艹 姒 艹 - RWA 的 代 币 化 、 合 规 性 、 流 动 性 和 互 噪 作 性 问 題 ， 为 开 为 二 晚 固 定 21 ：@开 播 Q 索 Memecoin Morn 雩 StabIes Make WorId … 显 示 史 有 什 么 新 鲜 事 From 0 Desk Of Anthony pompliano 0M0u0 0 中 0 行 区 的 #ABSCBNBa112025 2 艿 子 Solana 万 了 中 0 滟 刚 行 致 区 的 0 #TopFormEP4 5 力 条 帖 子 中 占 瀝 刚 行 效 区 的 0 势 Southeast Asia 942 （ 今 日 主 题 ． 介 绍 Plumc 和 0 夫 林 时 钟 的 讲
TRUMP,OFFICIAL TRUMP,2025-01-25T09:00:31.000Z,2025-01-25T12:00:00.000Z,26.9,2.99,文字,+8.33%,-15.20%,-44.54%,+20.07%,-46.95%,ok,https://x.com/nihaovand/status/1883077480611029372,"善用OKX web3 的已经提表提车了

OKX 真的是目前门槛最低的链上交互工具了，下方有图片教程，真的学一下，浪费不了你多长时间

宝宝，快加入吧；想和你在百倍币上手拉手做家人

我也给大家准备些OKx Trump红包捏，一键三连评论区留言我私发你OKX口令，新年快乐，冲冲 https://t.co/5ymdJnaCHT","Asian on chain 如 何 使 用 手 机 冲 金 狗 ？ 亻 吏 用 专 属 邀 请 码 可 以 享 受 社 区 空 投 、 红 包 、 专 注 财 富 密 码 以 及 教 程 等 福 利 、 详 情 请 在 Twitter 关 注 @nihaovand 复 制 Memecoin 的 CA ()A 为 创 建 memecoin 的 智 能 合 ， 例 如 ： A9jfif9JyX2QrrkV235YxFG3wWNmMDT7mgTPacabQIKe 在 搜 索 一 栏 填 入 智 能 合 约 ， 点 击 搜 索 ， 出 现 的 第 一 个 币 种 即 是 需 要 交 易 的 Memecoin 点 击 进 入 交 易 界 面 ， 即 可 开 启 您 的 交 易 模 式 3 ： 交 到 所 Web3 包 苤 2025 EVM SVM - 账 户 01 $ 30 ， 422 · 56 3002 & ] 3 怦 613 3 阉 1 月 Meme A? 虍 f 力 “ ． a “ b01 Ke 佾 01 市 伯 ： $ 10 · 61M 东 踬 ： 59 64104 SOL 0 Memecoi n 波 动 剧 烈 ， 建 议 新 手 玩 家 进 行 少 量 的 金 钱 尝 试 即 可 如 果 需 要 进 阶 玩 法 ， 请 在 OK × 注 册 为 Nihaovand 的 节 点 、 币 种 0 NFT DeFi 0 授 权 自 定 义
Asian on chain 如 何 拥 有 WEB3 钱 包 亻 吏 用 专 属 邀 请 码 可 以 享 受 社 区 空 投 、 红 包 、 专 注 财 富 密 码 以 及 教 程 等 福 利 、 在 应 用 商 店 搜 索 OK)( ， 并 且 下 载 注 册 并 且 填 写 邀 请 码 ： nihaovand 点 击 上 方 CE × / 钱 包 ， 创 建 新 的 钱 包 ， 保 护 好 助 记 词 ， 3 ： 同 时 绑 定 交 易 所 账 户 点 击 接 受 ， 可 以 从 交 易 所 账 户 快 速 提 取 资 产 0 2025 EV 卜 ISVM - 户 01 $ 30 ， 605 · 68 0 $ 30 ， 211 5 卜 7 ， 659 6 ） 币 种 NFT DeFi 资 严 值 $ 30 ， 60s 0 交 易 历 史 授 权 0 到 钱 包 内 选 择 币 种 Q 瞍 索 币 种 从 交 易 所 账 户 快 捷 提 币 包 己 关 交 易 所 P 。 币 无 的 证 0 0 59 还 641 5 ， O 2 t3882 ． 578 还"
OKB,OKB,2025-11-02T15:37:38.000Z,2025-11-02T16:00:00.000Z,138.58,0.37,文字,-3.23%,-9.31%,-24.00%,+2.97%,-33.51%,ok,https://x.com/nihaovand/status/1985008407317975166,我给okx冲了10w，然后成为了vip，同时做多了okb，不到两天我已经不是vip了😳 @star_okx,
M,Memecore,2025-05-11T14:11:25.000Z,2025-09-09T08:00:00.000Z,2.0989,2897.81,文字,,,,,,excluded_first_day,https://x.com/nihaovand/status/1921568834403922370,"很多人不了解 Memecore，不知道干什么的；我帮大家概括一下：

🔥 韩国大哥，专门为Meme 币设计的 Layer1

🔥 非常有钱，凡是交易所的活动，全力赞助；上次 OKX 越南晚宴，现场空投5-10wu给大家

🔥为了参加川普晚宴，直接买川普币到第二名持币地址（近 2,000 万美元）

现在有一个零撸活动，说白就是撒钱给大家

打开链接：https://ants-maker.memecore. com/（记得去到.后面的空格）

绑定你的 SOL 和 EVM 地址 ，直接生成你的专属meme头像，分享到推特

等待空投和奖励就行了，如果你不参与，那我真的白说了；Mew也是他们很好的合作伙伴，还记得我喊Mew的时候吗？

家人们，赶快抓紧",6 MEMECORE ALL 《 0 E MEW 6 0 0 0
M,Memecore,2025-08-30T09:27:20.000Z,2025-09-09T08:00:00.000Z,2.0989,238.54,文字,,,,,,excluded_first_day,https://x.com/nihaovand/status/1961722392876834987,"很多朋友问我，我说过没有卖多少 M，低价抄底回馈下项目

今天打开账户一看要晕倒了，M 直接破1，一天多了 100w，大家在群里 @ 我，我继续来发红包

感恩世界，相信世界一切好运向你滚滚而来 https://t.co/tGIyO7iGEw","令 M/USDT 行 情 数 据 广 场 1 ℃ 26001 = ¥ 7 ． 31 + 120 ． 87 ％ 创 新 区 Meme 专 区 > 女 0 币 种 概 况 《 GetAgent 正 在 分 析 M 1 分 15 分 1 小 时 4 小 时 日 线 24h 最 高 价 24h 最 低 价 24h 成 交 量 (M) 24h 成 交 M(USDT) 更 多 · MA(5): 0 ． 572300 MA( 10 ） ： 0510273 MA(20): 0469259 0 住 001000 2025 ． 07 ． 03 2025 ． 07 刁 9 VO 上 635 ． 8 万 MA(5): 472 ． 66 万 2025 一 08 一 04 MA( 10 ） ： 429 ． 46 万 1 ． 160000 4 2025 ． 08 一 20 MACD 1 ． 160000 0 ． 457542 1 ， 114 ． 99 万 77L71 万 L262846 L025701 0 ． 930573 0 ． 5983c0 0 ． 266027 ． 0066246 2 ． 23 亿 0 ℃ 0 MA EMA BOLL SAR AVL VOL KDJ
累 计 盈 亏 ． 08 一 30 + 301 ， 383 · 45 CNY 33 ， 28 万 23 ． 84 二 14 ． 39 万 4 ． 95 万 ． 4 ， 48 万 08 一 24 每 日 盈 亏 ． 08 一 30 + 256 ， 449 ． 47 CNY 25 ． 64 万 12 ． 82 万 0 ℃ 0 08 一 30
Q 搜 索 邑 钱 包 A 一 M 0 ¥ 896 ， 216 ． 16 + ¥ 365 ， 306 ． 87 （ + 68 · 80 ％ ） 1 日 O 发 送 O 接 收 交 易 历 史 0 更 多"
DRIFT,Drift,2025-02-04T08:49:29.000Z,2025-02-04T12:00:00.000Z,0.7448,3.18,文字,+0.87%,+8.45%,-7.14%,+17.19%,-22.91%,ok,https://x.com/nihaovand/status/1886698580624457816,"听完了@DoveyWanCN 姐的发言，切实的感受是终于意识到了气质到底是什么？

这也是很多从业者没办法从中层管理走向“组局者”所缺乏的一点； 另外一个正面案例是 @cecilia_hsueh ，她明确给 Morph 带来了“如何走得更远？”

Dovey说了那么多其实都不足以被诟病；反而展示了她强势的价值观： 如何更好的帮助被投方，以及平衡被投方的长期与短期利益

也展示了她的态度：“不是谁的敌人，我们也希望所有人更好，甚至愿意牺牲自己的短期利益”； 另一个反面案例是某公关总裁

听完真的蛮有感受，既然决定支持一个项目，当下再艰难也要帮助他们往好的方向走，难道要真的要根据价格两面三刀么？ 例如过去支持的 Drift 在一天拉到两块钱之前，还花了一个月从0.8跌到了0.3；难道要突然反目吗？  坚定不移的信念，正面案例是 @cindyleowtt 

前几天一个即将要 TGE 项目的 CMO 跟我说：“感觉陷入死循环，做项目好难”，那这个时候向下做市场与社区还有什么意义呢？社区不认为你的项目是有价值的；反面案例是 @flock_io 

破局之道不就是让创始人寻找新的融资、做市商关系，与合理的产品结构/技术，埋伏于未来的叙事，并且讲一个更具被认可度的故事，组成新的阳谋吗？ （这里的正面案例就不@了）

昨晚跟一个合作非常深度的项目 Founder Call，我还问他这样做或许会收入很高，但是真的是有利于你项目本身发展的吗？我们一起想了一个更大的叙事，承载现在想做的一些边缘创新；并且劝他们不要着急发币，这样估值会迎来更大的天花板；这个时候还算做欺骗吗？

现在这些项目被诟病的原因，也是团队的行事方式里从不包含如何管理社区关系，我也跟所有有着联系的项目团队说过“一定要足够尊重社区”，无论发生什么首先从用户角度出发 正面案例是： @Cryptosis9_OKX  @Mercy_okx @mia_okx @okxchinese  @saharaai  @tz_sahara 

反面案例依旧是那一个，举个形象的例子就是：你出轨被抓，又不想离婚，千万不能说：我就是爱她怎么了；你只能认错说：宝宝相信我，未来我会把家庭经营的更好

人真的是能从对比里学到很多的，我相信优质的项目团队永远有两条护城河：

健康的的价值观、坚定不移的信念；这里的正面案例是 
@SonicSVM  @Chrizhuu",Asian on chain AsianOnChain 永 不 作 恶 2025 / 02 X @nihaovand @Aisianonchain TG ： https://t.me/onboardingweb3 Asian on chain 0
DRIFT,Drift,2025-03-25T14:47:49.000Z,2025-03-25T16:00:00.000Z,0.6242,1.20,文字,+2.27%,-8.38%,-17.09%,+13.65%,-34.75%,ok,https://x.com/nihaovand/status/1904545764443070636,"Mirror 老师应该是翻到了我的微博，但我还是想说颜值只是毫无价值的特色，一个人永远无法靠外貌站稳脚，一个人只能靠创造价值赢得一切

首先声明一点我没觉得自己特别好看哈，只是花钱成为普通人，mirror老师的嗯哼应该也这么做

但感觉大家都很好奇这些外在，我就说一说自己的看法和过程吧

在我看来：对于普通人而言，好看的脸很多，但天花板很低；你们都说的 in11 早就划归好了市场的价格，一个小时多少钱；对于一个加密世界的builder，都是很廉价的

聪明的大脑和健康的价值观，以及你看待自己和世界的方式；这些东西是没有天花板的；

甚至当你走到一定阶段的时候，颜值还有可能是一种阻力，因为在这个时候人们会看：气质；如果你五官精致身形单薄浓妆艳抹，也可能会留下错误的第一印象

走到今天我坚定的认为，一切外在因素只能作为你的起点，能走多远全凭远见卓识和道德底线

就像我作为KOL从未长时间背负过任何骂名，因为我永远参与且从自己的角度选择最好的项目分享给大家，并且长期建设

记得之前建设Drift的时候很多人骂我，但这个币之后拉了十倍，8个月的时间

我的价值观里永远都是：社区优先、乐观主义、长期建设；我不只是在做kol，我还在做其他的事，还在一级市场勇敢的投资，也在帮助更多人了解并且加入加密世界；我会做一切我认为有助于项目成长和行业进步的事

你们看到的我或许生活优美，但那只是我展示出来的；事实上得我每天工作8-12h，每天都是meeting，还需要深度投研寻找一切

但回归主题讲一下我为什么会做医美；首先告诉大家几个残酷的事实：

1️⃣你或许会认为自己的内在非常值得欣赏，但事实上是无人在意；这个世界是有快与慢之分的，优秀的沟通能力和负责任的态度也只能在长时间相处之下体现；只有外在展示的一切可以非常快的让其他人看到

如果我做一个项目，我一定会招聘一个气质非凡的CMO；因为创始人气质是最能快速向社区展示项目品牌

当然我们所理想的社会是不注重外在的，但这个世界的结果就是这样，我看重结果

2️⃣ 好看的人确实不缺钱花，不知道谁送了我一个手链，我昨天出门带上拍了个照片，朋友说这是满钻梵克雅宝；前段时间还遇到一个项目的创始人，直接在后台一直问我多少钱

但很可惜，我早就过了会认为这些很重要的阶段；生命应该享受自我价值实现的快感，当你价值观不错，道德底线尚可，你实现了自我的价值，就一定可以赚到钱；而不是通过外貌进行交换，德需配位

我很明确的知道自己的人生需要经历的过程，就像我说的：

人生就是： 说服自己，教育自己，挑战自己，征服自己，成就自己的过程 

勤奋的人，不需要说服自己 
有智慧的人，不需要经历苦难教育自己 
幸运的人，不需要挑战自己  
但往往，至真至诚之人才能征服自己；

我还走在不同阶段的路上，希望能够跟大家一起长期建设，让我们一起走的更远

依稀记得24年8月份新加坡的Token2049是我经历爆仓回到行业工作之后第一次参加行业大会

那个时候靠寻找优质标的赚了点小钱，但胖了几十斤，非常丑陋，我如果post原生照片大家一定会取关我的程度；这是我讨厌的样子

然后我就在短短四个月的时间爆瘦20斤，每天健身，无数次饿到在路边反胃吐酸；四个月的时间不间断的有20多天躺在手术床上，我每天五点半要起床跳绳喝冰美式；因此我改变了自己，虽然还没有特别成功；

我记得做鼻子的时候全麻手术刚醒就跟一个很好的项目在开会，之后带领社区成功

我认为自己过的非常好，但给我长期算命的大师说你过得不好，他认为一个人正常人一日三餐想吃什么吃什么想干什么干什么，而我永远在教育自己，并非满足自己

我相信他说的有道理，但我更希望关注这个世界美好的一面；恶与善并存，关注美好看到美好 “随众生心，应所知量。”

当然说这些不是为了把所谓医美改变自己的故事有多么精彩，而是我想把改变自己的勇气和通过坚持获得胜利过程传递大家

一切都是坎坷的，就像今天我们的行业；我躺在手术床的时间很多，行业经历波折的时间也很多；

但只要你留下，你坚持，我们每个人都可以收获美好；哪有什么天生丽质，全是我耗光力气向你奔赴而来

悲观者正确，乐观者收获，大家一起加油🧡","斷 宝 宝 接 《 K 店 纯 爱 频 道 （ 288 ） 温 柔 似 铁 （ 正 宫 夫 人 ） ： https://live.sidekick.fans/strea Allen 慢 砖 梵 克 雅 宝 温 柔 似 铁 （ 正 宫 夫 人 ） ： Allen Allen 抱 拳 了 ！ 那 个 还 没 到 Diana: 和 我 们 那 天 去 万 象 城 看 的 那 款 蛮 像 的 ChOC 。 坠 ． 太 高 级 了 Diana 太 高 级 了 Arthur 主 要 还 是 van 宝 太 受 欢 迎 ， 别 人 送 礼 都 是 梵 克 雅 宝 起 步 哈 哈
我 发 现 了 ， 你 是 每 天 拿 项 目 方 的 衣 服 穿 哈 哈 齔 属 眼 皮 ， 术 后 第 五 天"
DRIFT,Drift,2025-11-10T13:19:33.000Z,2025-11-10T16:00:00.000Z,0.3633,2.67,文字,-5.75%,-26.81%,-36.55%,+3.83%,-43.82%,ok,https://x.com/nihaovand/status/1987872760459395555,"大家都比较好奇“KOL”，我跟大家讲一下我的真实经历

1️⃣ 一开始我做 KOL 就是为了赚钱

24年的时候，我因为爆仓回到行业工作，当时身无分文。在朋友的介绍下，我加入了一家风险基金工作，负责他们投资后项目的市场宣发支持

后面这个团队，转为了一家帮助项目进行市场营销的 Agency

当时我帮助项目联系 KOL，头部KOL写一篇推文的价格为 3-5ku，而我当时的工资则是4ku+奖金

平均每个月我帮助头部KOL，联系5个左右的项目

我负责合作的项目，我甚至会帮助项目写一整个全案计划，从项目亮点到关键进展。

我当时就想，“凭什么我不能称为KOL呢？” 写一篇推文，就是我辛苦工作一个月的工资

2️⃣ 做了 KOL 之后，我才发现如果只是为了自己赚钱，那就“赚不到钱”

于是我开始运营自己的账号，我成长的路径运气比较好

我推广的第一个项目 $LPT ，第一个月从 9u，拉到了25u，之后遇到牛市。

但真正让我影响力扩大的项目从来没给我一分钱

去年半年的时间，我每周都奶 $Drift ，并且自发地给项目组建大户社区，后面项目三天拉了十倍

我持续的帮助 @saharaai 构建中文社区，帮助让社区和团队沟通，项目TGE的时候给出了最好的Airdrop，粉丝们都感谢我

诸如此类很多很多，真正让我赚到钱并且影响力扩大的项目，都是我真心热爱和社区一起建设的项目

3️⃣ 走到现在做KOL，对于我而言已经不是“我有多少收入”的事情了

而是我还有一群真正拥护我的粉丝和社区，我希望大家都能因此改变人生

去年我一直强调乐观，今年就用豪车腕表珠宝证明乐观的力量，这是一种羁绊

也是我希望真正的为改变我人生的行业做出更多贡献

📅 再过几年回头看，现在看也只是个经历，而不是结果。

但我想让大家陪伴我，我也想陪伴大家，这就是我做 KOL 的意义",OSMO ACTION 5 PRO 12mm F2 ． 8 1 / 80s 0 25600
MEW,Mew,2025-05-11T14:11:25.000Z,2025-05-11T16:00:00.000Z,0.003499,1.81,文字+配图OCR,+10.20%,-7.86%,-2.00%,+38.38%,-19.63%,ok,https://x.com/nihaovand/status/1921568834403922370,"很多人不了解 Memecore，不知道干什么的；我帮大家概括一下：

🔥 韩国大哥，专门为Meme 币设计的 Layer1

🔥 非常有钱，凡是交易所的活动，全力赞助；上次 OKX 越南晚宴，现场空投5-10wu给大家

🔥为了参加川普晚宴，直接买川普币到第二名持币地址（近 2,000 万美元）

现在有一个零撸活动，说白就是撒钱给大家

打开链接：https://ants-maker.memecore. com/（记得去到.后面的空格）

绑定你的 SOL 和 EVM 地址 ，直接生成你的专属meme头像，分享到推特

等待空投和奖励就行了，如果你不参与，那我真的白说了；Mew也是他们很好的合作伙伴，还记得我喊Mew的时候吗？

家人们，赶快抓紧",6 MEMECORE ALL 《 0 E MEW 6 0 0 0
KET,yellow ket,2025-07-18T04:49:43.000Z,,,,文字+配图OCR,,,,,,price error: GeckoTerminal public API only exposes recent on-chain OHLCV; this call window is older than 180 days,https://x.com/nihaovand/status/1946069850033676770,"KET 一直是公认的 Avalanche 正牌太子

目前在亚太地区关注度并不高

我是选择在一直 buy in $ket （0xFFFF003a6BAD9b743d658048742935fFFE2b6ED7）

我预测下来的几个剧本：

- KET 开始在交易所listing 登陆大雅之堂
- AVAX 官方开始奶

低市值 memecore 撬动高市值公链增长，这是很划算的买卖 https://t.co/fprBTkKuf6",0 KET Avalanche C 收 款 地 址 交 易 历 史 2025 / 07 / 18 交 易 OKX Web3 2025 / 07 / 15 交 易 OKX Web3 授 权 KET 0 × f2f0 ． ． ． 6714 2025 / 07 / 07 交 易 OKX Web3 复 制 + 5 ， 864 ． 8307 KET 一 4 ， 810 ． 09957 KET + 224 ． 09957 KET
WIZZ,Wizzwoods,2025-03-27T03:06:46.000Z,,,,文字,,,,,,price error: GeckoTerminal public API only exposes recent on-chain OHLCV; this call window is older than 180 days,https://x.com/nihaovand/status/1905094115290997008,"哥哥又来给大家抽奖了，你们要给力点，哥就能天天给大家到来福利💜

给大家抽🔮5000个 #Wizz 代币，10个人 @xinruxu0123  作为社区选出来的大使将监督公平性

Wizzwoods是Berachain的Defikingdom，29号TGE ，开盘0.1U的话价值500U~

评论留下BERACHAIN地址，以及你我之间的社区故事，中奖率会更高哦

Follow  @WizzwoodsGame @BoogaWizzWoods @nihaovand",
ARIAIP,Aria,2025-11-07T09:51:44.000Z,,,,文字+配图OCR,,,,,,price error: GeckoTerminal public API only exposes recent on-chain OHLCV; this call window is older than 180 days,https://x.com/nihaovand/status/1986733297578447166,"给大家做一个提醒 Bitget 现在的山寨深度是 100u 级别的

我在Binance Alpha购买了Ariaip，因为刻板的认为 cex 交易体验比 dex 好于是在 Alpha卖出 ，在 Bitget 购买了 Airaip

但是事实上，bitget 的交易深度让你几乎无法完成交易，并且制造了相当巨大的滑点

同时在你打算出售代币的时候，在多次价格触及挂单价之后，限价挂单依旧无法成交

而且这个过程中你无法提出代币去流动性更好的地方交易，严重怀疑 Bitget 交易所在跟用户当对手盘

希望大家能吸取我的经验教训，为此我损失了至少3wu的利润",发 送 ARIAIP 提 现 地 址 长 按 粘 贴 地 址 提 现 网 络 STO RY (STO RY) 提 现 暂 停 暂 亻 亭 网 络 暂 停 使 用 。 您 可 以 尝 试 使 用 其 他 转 账 网 络 进 行 提 现 ， 也 可 以 订 阅 网 络 帧 复 提 醒 ， 订 阅 后 我 们 会 第 一 时 间 给 您 发 送 网 络 帧 复 的 佇 自
DOGE,Dogecoin,2024-11-14T05:29:32.000Z,2024-11-14T08:00:00.000Z,0.39776,2.51,文字,-6.11%,-3.74%,+2.05%,+21.77%,-14.52%,ok,https://x.com/nihaovand/status/1856932457070956752,@dogecoin @litecoin We’re not going back 🤡 https://t.co/1aMS5sWoOo,
LTC,Litecoin,2024-11-14T05:29:32.000Z,2024-11-14T08:00:00.000Z,82.27,2.51,文字,+2.99%,+9.08%,+47.61%,+78.75%,-5.64%,ok,https://x.com/nihaovand/status/1856932457070956752,@dogecoin @litecoin We’re not going back 🤡 https://t.co/1aMS5sWoOo,