type,date,title,link,word_count,locked,video_count,symbols,concepts,excerpt
post,2026-06-01T12:21:28,ETH analysis 1st June 2026,https://venture-charts.com/eth-analysis-1st-june-2026/,147,false,1,BTC|ETH,supplyDemand|timeCycle|riskControl|tradePlanning,ETH flashed the warning on 12th may when it gave back the entire mid-cycle move and then proceeded to move below that price point. This tells us that the asset is likely to correct for the entire phase and rally attempts should be treated with caution and are likely to fail and set up a…
post,2026-05-20T15:10:23,Bitcoin analysis May 18th 2026,https://venture-charts.com/bitcoin-analysis-may-18th-2026/,97,false,1,BTC|ETH,supplyDemand|timeCycle|technicalTools|riskControl|tradePlanning,The Bitcoin market followed the forecast will a rally from March into mid May where it stalled at 83k (the Q on the 1:1 extension on the SR). That likely sets an intermediate top. Ethereum had a negative break on the 12th May and that is a warning for the cryptocurrency sector. The analysis suggests…
post,2026-05-03T09:53:18,Bitcoin Update 3rd May 2024,https://venture-charts.com/bitcoin-update-3rd-may-2024/,126,false,1,BTC,supplyDemand|moneyFlow|timeCycle|riskControl|tradePlanning,This was last week’s text update for theBTC market: “The very ltf the patterns are bullish telling us that conditions have indeed changed and a move into the mid 80ks can set up after a period of consolidation”. BTC tapped into the 80ks and it has dropped into the ltf pivot into the technical confluence…
post,2026-04-24T19:20:51,Bitcoin analysis 24th April 2026,https://venture-charts.com/bitcoin-analysis-24th-april-2026/,271,false,1,BTC|DOGE|SPX,supplyDemand|moneyFlow|timeCycle|correlatedMarkets|technicalTools|riskControl|tradePlanning,” BTC and the crypto currency market have somewhat stabilised in recent weeks as these assets have based into the phase and for the very first time in several months BTC flipped an SR which triggered long positions in coins such as DOGE (which itself based in phase after an 85% washout). On the lower…
post,2026-04-07T13:49:43,Bitcoin & NAS100 analysis 5th April 2026,https://venture-charts.com/bitcoin-nas100-analysis-5th-april-2026/,125,false,0,BTC|NAS100,moneyFlow|timeCycle|correlatedMarkets|riskControl,"BTC and the CryptoMarket are still trading in negative conditions. In the prior updates I suggested the ltf was neutral / slightly positive and a move towards range highs was likely and BTC hit $76,000 and subsequently got hit back down to $65,000. A loss of $63,300 in this phase would be quite a negative…"
post,2026-03-29T19:52:04,BTC analysis 25th March 2026,https://venture-charts.com/btc-analysis-25th-march-2026-3/,122,false,1,BTC|NAS100,supplyDemand|moneyFlow|timeCycle|correlatedMarkets|riskControl,“On the ltf BTC‘s conditions have somewhat improvedand we would anticipate this given the move into the ltf pivot. The forecast for sometime in this market has been another consolidation period which could test range highs (around $76-$80k) and that is due to the amount of time this market needs to consume in this phase. Because…
post,2026-03-29T19:46:29,TAO analysis 26th March 2026,https://venture-charts.com/btc-analysis-25th-march-2026-2/,70,false,1,TAO,supplyDemand,"TAO (a crypto currency) has been trading in a wide range for 3 years. Whilst making lower highs and lower lows, it has moved quickly in both directions. This video explains why and that is because there is no demand inside value, therefore there is no force strong enough to stop and turn the asset…."
post,2026-03-29T19:41:18,15th March 2026 XOP sector analysis & Discord trade planning video for L2 members,https://venture-charts.com/15th-march-2026-xop-sector-analysis-discord-trade-planning-video-for-l2-members-2/,49,false,1,XOP,riskControl|tradePlanning,A recent Level 2 trade planning analysis for the XOP sector where two bullish trades were taken in the Oil and Gas exploration sector (FANG and OVV). Both charts suggest a major shift had occurred which set up a very low risk and high conviction/ reward long side trade.
post,2026-03-28T05:21:57,15th March 2026 XOP sector analysis & Discord trade planning video for L2 members,https://venture-charts.com/15th-march-2026-xop-sector-analysis-discord-trade-planning-video-for-l2-members/,20,true,0,XOP,tradePlanning,Membership Required You must be a member to access this content. View Membership Levels Already a member? Log in here
post,2026-03-25T06:54:18,BTC analysis 25th March 2026,https://venture-charts.com/btc-analysis-25th-march-2026/,122,false,1,BTC|NAS100,supplyDemand|moneyFlow|timeCycle|correlatedMarkets|riskControl,“On the ltf BTC‘s conditions have somewhat improvedand we would anticipate this given the move into the ltf pivot. The forecast for sometime in this market has been another consolidation period which could test range highs (around $76-$80k) and that is due to the amount of time this market needs to consume in this phase….
post,2026-02-17T09:50:16,HBAR cryptocurrency analysis 14th February 2026,https://venture-charts.com/hbar-cryptocurrency-analysis-14th-february-2026/,18,false,1,,,Applying the Principal of Proportionality and Summation to the crypto currency market in order to understand the context.
post,2026-02-07T17:05:26,Bitcoin analysis 7th February 2026,https://venture-charts.com/bitcoin-analysis-7th-february-2026/,41,false,1,BTC,moneyFlow|timeCycle|riskControl,"Bitcoin trades in extreme conditions as again it fails early in phase and flashes a warning that more downside price action is likely. It is reasonable to see this asset trade towards $52,000 – $43,000 into the next ideal phased trough."
post,2026-01-31T08:55:04,BTC update 30th January 2026,https://venture-charts.com/btc-update-30th-january-2026/,67,false,1,BTC,timeCycle|correlatedMarkets|riskControl|tradePlanning,"BTC continues to trade in a negative context and it has broken all ltf structures. This tells us that any rally into the next phase is likely to fail and move down. Target to the downside are around $75,000 to $70,000. The VIX is warning of a period of extreme risk later this year and…"
post,2026-01-26T08:42:51,Applying Hurst’s Principal to the energy market (Jan 2026),https://venture-charts.com/applying-hursts-principal-to-the-energy-market-jan-2026/,20,true,0,,,Membership Required You must be a member to access this content. View Membership Levels Already a member? Log in here
post,2026-01-26T08:36:31,Applying Hurst’s Principals to the Energy market Jan 2026,https://venture-charts.com/applying-hursts-principals-to-the-energy-market-jan-2026/,20,true,0,,,Membership Required You must be a member to access this content. View Membership Levels Already a member? Log in here
post,2026-01-18T10:32:06,BTC update 18th Jan 2026,https://venture-charts.com/btc-update-18th-jan-2026-2/,20,true,0,BTC,,Membership Required You must be a member to access this content. View Membership Levels Already a member? Log in here
post,2026-01-18T10:28:06,BTC update 18th Jan 2026,https://venture-charts.com/btc-update-18th-jan-2026/,114,false,1,BTC|ETH,supplyDemand|timeCycle|riskControl|tradePlanning,"Applying the Principal of Commonality and Synchronicity to the BTC market. The analysis suggests that a synced low was put in on the 1st Jan 2026. This corresponds with the htf phasing of a low due in January, therefore it is now likely the crypto currency market will see some relief and BTC could push…"
post,2026-01-11T12:54:06,BTC update 11th January 2026,https://venture-charts.com/btc-update-11th-january-2026/,20,true,0,BTC,,Membership Required You must be a member to access this content. View Membership Levels Already a member? Log in here
post,2025-12-23T12:41:56,"Conducting a sector analysis in order to plan a bullish trade for FCX, December 2025",https://venture-charts.com/conducting-a-sector-analysis-in-order-to-plan-a-bullish-trade-for-fcx-december-2025/,20,true,0,,,Membership Required You must be a member to access this content. View Membership Levels Already a member? Log in here
post,2025-12-23T12:38:51,Conducting a sector analysis in order to take a bullish trade in FCX December 2025,https://venture-charts.com/conducting-a-sector-analysis-in-order-to-take-a-bullish-trade-in-fcx-december-2025/,60,false,1,COPPER,timeCycle,"The industrial metals sector continues to show strength and the BCOM could be in the early stages of a bull market and with HG showing strength, therefore the copper miners could be setting up for a bullish phase. FCX is showing relative strength in that sector and has built out a multi year base and…"
post,2025-12-08T17:19:56,ETH planing and trading psychology unpacked April 2025,https://venture-charts.com/eth-planing-and-trading-psychology-unpacked-april-2025/,20,true,0,ETH,,Membership Required You must be a member to access this content. View Membership Levels Already a member? Log in here
post,2025-11-24T13:05:09,HBAR analysis 24th November 2025,https://venture-charts.com/hbar-analysis-24th-november-2025/,20,true,0,,,Membership Required You must be a member to access this content. View Membership Levels Already a member? Log in here
post,2025-11-24T07:55:23,Solana update 24th November 2025,https://venture-charts.com/solana-update-24th-november-2025/,20,true,0,SOL,,Membership Required You must be a member to access this content. View Membership Levels Already a member? Log in here
post,2025-11-23T07:35:08,ETH update 22nd November 2025,https://venture-charts.com/eth-update-22nd-november-2025/,20,true,0,ETH,,Membership Required You must be a member to access this content. View Membership Levels Already a member? Log in here
post,2025-11-19T09:21:49,Bitcoin analysis 19th November 2025,https://venture-charts.com/bitcoin-analysis-19th-november-2025/,20,true,0,BTC,,Membership Required You must be a member to access this content. View Membership Levels Already a member? Log in here
post,2025-11-18T13:04:59,Bitcoin trade planning 18th November 2025,https://venture-charts.com/bitcoin-trade-planning-18th-november-2025/,20,true,0,BTC,tradePlanning,Membership Required You must be a member to access this content. View Membership Levels Already a member? Log in here
post,2025-11-18T10:27:35,ETH MACRO UPDATE 18th November 2025,https://venture-charts.com/eth-macro-update-18th-november-2025/,20,true,0,ETH,,Membership Required You must be a member to access this content. View Membership Levels Already a member? Log in here
post,2025-11-17T14:11:15,Bitcoin Update 17th November 2025,https://venture-charts.com/bitcoin-update-17th-november-2025/,20,true,0,BTC,,Membership Required You must be a member to access this content. View Membership Levels Already a member? Log in here
post,2025-11-13T07:29:17,Bitcoin analysis 13th November 2025,https://venture-charts.com/bitcoin-analysis-13th-november-2025/,20,true,0,BTC,,Membership Required You must be a member to access this content. View Membership Levels Already a member? Log in here
post,2025-11-11T11:17:55,DOGE analysis 11th November 2025,https://venture-charts.com/doge-analysis-11th-november-2025/,20,true,0,DOGE,,Membership Required You must be a member to access this content. View Membership Levels Already a member? Log in here
post,2025-11-11T08:23:35,TAO update 11th November 2025,https://venture-charts.com/tao-update-11th-november-2025/,20,true,0,TAO,,Membership Required You must be a member to access this content. View Membership Levels Already a member? Log in here
post,2025-11-10T07:02:34,ETH update 10th November 2025,https://venture-charts.com/eth-update-10th-november-2025/,20,true,0,ETH,,Membership Required You must be a member to access this content. View Membership Levels Already a member? Log in here
post,2025-11-10T06:49:26,ETH htf update 10th November 2025,https://venture-charts.com/eth-htf-update-10th-november-2025/,120,false,1,BTC|ETH,supplyDemand|moneyFlow|timeCycle|riskControl,ETH monthly cycle patterns point to a low due in Q1 of 2026 and this further supports the thesis that this contract is trading inside a range. Roughly $4000 being the range high and roughly $2500 the range low and were that to play out it would be a 50% correction from the euphoric market…
post,2025-11-06T11:39:38,Bitcoin Update 6th November 2025,https://venture-charts.com/bitcoin-update-6th-november-2025/,20,true,0,BTC,,Membership Required You must be a member to access this content. View Membership Levels Already a member? Log in here
post,2025-11-05T11:57:43,ETH update 5th November 2025,https://venture-charts.com/eth-update-5th-november-2025/,20,true,0,ETH,,Membership Required You must be a member to access this content. View Membership Levels Already a member? Log in here
post,2025-11-04T13:54:50,PAAS silver analysis 4th November 2025,https://venture-charts.com/paas-silver-analysis-4th-november-2025/,20,true,0,SILVER,,Membership Required You must be a member to access this content. View Membership Levels Already a member? Log in here
post,2025-11-04T07:56:47,Litecoin analysis 3rd Nov 2025,https://venture-charts.com/litecoin-analysis-3rd-nov-2025/,20,true,0,,,Membership Required You must be a member to access this content. View Membership Levels Already a member? Log in here
post,2025-11-04T07:41:08,Doge coin update 4th November 2025,https://venture-charts.com/doge-coin-update-4th-november-2025/,20,true,0,DOGE,,Membership Required You must be a member to access this content. View Membership Levels Already a member? Log in here
post,2025-11-03T10:20:42,GDX trade idea 3rd November 2025,https://venture-charts.com/gdx-trade-idea-3rd-november-2025/,20,true,0,,,Membership Required You must be a member to access this content. View Membership Levels Already a member? Log in here
post,2025-10-30T09:22:43,Bitcoin update 30th October 2025,https://venture-charts.com/bitcoin-update-30th-october-2025/,20,true,0,BTC,,Membership Required You must be a member to access this content. View Membership Levels Already a member? Log in here
post,2025-10-29T18:49:45,ETH analysis 29th October 2025,https://venture-charts.com/eth-analysis-29th-october-2025/,20,true,0,ETH,,Membership Required You must be a member to access this content. View Membership Levels Already a member? Log in here
post,2025-10-29T09:24:37,TAO update 29th October 2025,https://venture-charts.com/tao-update-29th-october-2025/,20,true,0,TAO,,Membership Required You must be a member to access this content. View Membership Levels Already a member? Log in here
post,2025-10-25T07:33:36,Bitcoin Update 24th October 2025,https://venture-charts.com/bitcoin-update-24th-october-2025/,20,true,0,BTC,,Membership Required You must be a member to access this content. View Membership Levels Already a member? Log in here
post,2025-10-22T09:07:59,BTC update 22nd October 2025,https://venture-charts.com/btc-update-22nd-october-2025/,20,true,0,BTC,,Membership Required You must be a member to access this content. View Membership Levels Already a member? Log in here
post,2025-10-15T17:33:21,Bitcoin update 15th October 2025,https://venture-charts.com/bitcoin-update-15th-october-2025/,20,true,0,BTC,,Membership Required You must be a member to access this content. View Membership Levels Already a member? Log in here
post,2025-10-14T10:56:03,LTC analysis October 14th 2025,https://venture-charts.com/ltc-analysis-october-14th-2025/,20,true,0,LTC,,Membership Required You must be a member to access this content. View Membership Levels Already a member? Log in here
post,2025-10-13T08:49:44,Solana Update 13th October 2025,https://venture-charts.com/solana-update-13th-october-2025/,20,true,0,SOL,,Membership Required You must be a member to access this content. View Membership Levels Already a member? Log in here
post,2025-10-12T12:31:50,DOGE coin update 12th October 2025,https://venture-charts.com/doge-coin-update-12th-october-2025/,20,true,0,DOGE,,Membership Required You must be a member to access this content. View Membership Levels Already a member? Log in here
post,2025-10-12T08:06:56,ETH update 12th October 2025,https://venture-charts.com/eth-update-12th-october-2025/,20,true,0,ETH,,Membership Required You must be a member to access this content. View Membership Levels Already a member? Log in here
post,2025-10-09T09:16:59,DOGE coin update 9th October 2025,https://venture-charts.com/doge-coin-update-9th-october-2025/,20,true,0,DOGE,,Membership Required You must be a member to access this content. View Membership Levels Already a member? Log in here
post,2025-10-09T06:56:12,CRV coin analysis 9th October 2025,https://venture-charts.com/crv-coin-analysis-9th-october-2025/,20,true,0,,,Membership Required You must be a member to access this content. View Membership Levels Already a member? Log in here
post,2025-09-22T15:01:12,BTC update 22nd September 2025,https://venture-charts.com/btc-update-22nd-september-2025/,55,false,1,BTC|SPX,timeCycle|correlatedMarkets|tradePlanning,"BTC is showing signs of weakening and this is occurring at a time when the SPX is also entering a period where based on historic cycle data it has seen corrections. This coupled with the VIX, suggests reasons to be cautious and this video sets out the rationale behind the short sell entry into $117k"
post,2025-09-10T15:06:29,Doge update 10th September,https://venture-charts.com/doge-update-10th-september/,39,false,1,DOGE,supplyDemand|timeCycle|technicalTools|tradePlanning,"Doge confirmed the weekly pivot by basing into the low and shifting the fibonacci PF and flipping the weekly, which now becomes the invalidation point for the long trade taken in Discord. This update talks through the trade setup."
post,2025-09-06T07:26:41,DOGE coin analysis 6th Sept 2025,https://venture-charts.com/doge-coin-analysis-6th-sept-2025/,42,false,1,DOGE,supplyDemand|timeCycle|riskControl,"The cryptocurrency market (and indeed all risk markets) are entering a period where a pivot is due, but also a period where a spike in implied volatility is also due. There’s a lot of work for bulls to do on this chart."
post,2025-08-21T15:07:13,MSTR and BTC analysis,https://venture-charts.com/mstr-and-btc-analysis/,47,false,1,BTC,timeCycle,"MicroStrategy is setting up for a move to range low and BTC is very likely in a period where a correction to $107,00 or even $102,000 is possible. $110,000 a key level to defend for bulls as this contracts heads into the corrective phase of the cycle."
post,2025-08-06T12:51:54,BTC update 6th August 2025,https://venture-charts.com/btc-update-6th-august-2025/,73,false,1,BTC|ETH,supplyDemand|moneyFlow|timeCycle|riskControl,BTC has entered a phase where a correction is likely and indeed this began on the 14th July (earlier than ETH). This is significant data as ETH is a lot stronger. There has further been a weakening in money flow whereby a ltf pivot failed and it would not be unreasonable to see the contract…
post,2025-08-01T13:32:12,Solana high time frame analysis,https://venture-charts.com/solana-high-time-frame-analysis/,51,false,1,SOL,supplyDemand|moneyFlow|timeCycle,In this video I talk you through the supply and demand logic and money flow data as well as the short trade plan from the Discord. The cryptocurrency market is about to enter a crucial period and this analysis also sets out the two main scenarios and the rationale for each.
post,2025-07-31T13:37:11,AR coin analysis,https://venture-charts.com/ar-coin-analysis/,32,false,1,,supplyDemand,Using supply and demand logic to forecast the cryptocurrency AR. Trading can be broken down into a game of forces and structure. This video analysis explains these concepts in a simplistic way.
post,2025-07-30T21:38:40,Solana intermediate timeframe analysis,https://venture-charts.com/solana-intermediate-timeframe-analysis/,30,false,1,SOL,supplyDemand|moneyFlow,"Using supply and demand logic and money flow patterns to forecast the crypto asset Solana, which is likely heading to the $163 level (a key level on for the asset)"
post,2025-07-23T18:21:51,TAO intermediate timeframe analysis,https://venture-charts.com/tao-intermediate-timeframe-analysis/,24,false,1,TAO,correlatedMarkets,Intermediate timeframe analysis on the crypto asset TAO and using a correlated chart to help identify a potential inflection point in the price chart.
post,2025-07-19T12:07:11,LTC short term analysis,https://venture-charts.com/ltc-short-term-analysis/,22,false,1,LTC,supplyDemand|tradePlanning,Using supply and demand logic to forecast/ position for a move down into demand in order to position for a log trade
post,2025-07-06T10:11:10,BTC update 6th July 2025,https://venture-charts.com/btc-update-6th-july-2025/,46,false,1,BTC,supplyDemand|moneyFlow,"BTC is trading close to its ATH, however the price chart suggests there are reasons to be cautious, for example the money flow has seen a premature break (although a substantial rally occurred) and the supply and demand relations indicates a lack of demand below 105k."
post,2025-06-21T13:11:41,USDT.D analysis – 21st June 2025,https://venture-charts.com/usdt-d-analysis-21st-june-2025/,89,false,1,BTC|USDT_D|GOLD,supplyDemand|moneyFlow|timeCycle|correlatedMarkets|tradePlanning,The USDT.D dominance chart is inverse BTC. This chart suggests a shift in trend as it’s flips monthly resistance and moves inside value. There is a key low due in this chart and if it shifts above the internal s r it will likely move all the way to the range extreme. This can be…
post,2025-06-21T08:40:07,USDT.D analysis – June 21st 2025,https://venture-charts.com/usdt-d-analysis-june-21st-2025/,81,false,1,BTC|USDT_D|GOLD,supplyDemand|moneyFlow|timeCycle|correlatedMarkets,"The USDT.D chart is inverse BTC, therefore this can be used to add a layer of confluence to our trades (in the same way we can use the DXY and the EURO or the USD and XAU). This chart indicates that the money flow can translate in a bullish configuration. Traders need to be aware…"
post,2025-06-19T05:38:17,Bitcoin analysis – June 18th 2025,https://venture-charts.com/bitcoin-analysis-june-18th-2025/,85,false,1,BTC,supplyDemand|moneyFlow|timeCycle|riskControl,"The money flow patterns in the BTC market remain positive, however there is a warning in the chart that can change these positive patterns into quite a negative outlook for Bitcoin. This analysis explains how that can occur and what the asset needs to do in order to avoid a negative breakdown. A reclaim of…"
post,2025-06-09T17:25:12,Bitcoin – Member trade planning 3rd June 2025,https://venture-charts.com/bitcoin-member-trade-planning-3rd-june-2025/,22,false,1,BTC,supplyDemand|moneyFlow|tradePlanning,Analysing the money flow patterns and supply and demand concepts in order to plan for a long trade in the Bitcoin market.
post,2025-06-08T19:31:16,SIL – INTERMEDIATE TIMEFRAME ANALYSIS,https://venture-charts.com/sil-intermediate-timeframe-analysis/,87,false,1,SILVER,supplyDemand|moneyFlow|timeCycle,Silver decisively broke higher suggesting that the intermediate pivot is in place. The daily chart is very positive and the contract looks likely to move towards $38. The silver miners are also in very positive conditions. The chart has positive money flow patterns and key levels flipping into support followed by explosive moves higher. It…
post,2025-06-07T10:54:30,Bitcoin update – 6th June 2025,https://venture-charts.com/bitcoin-update-6th-june-2025/,93,false,1,BTC,supplyDemand|moneyFlow|timeCycle|technicalTools|tradePlanning,"Momentum in the Bitcoin market is still strong and the money flow is positive and BTC appears to be flagging in to the daily pivot. The bias continues to favour a mov higher into late June or July. The next target based on the pitchfork and Fibonacci expansion is around $118,000 – $120,000. A break…"
post,2025-06-04T13:10:59,Copper swing trade idea,https://venture-charts.com/copper-swing-trade-idea/,27,false,1,COPPER,tradePlanning,"A Venture member’s trade planning update with a look at $HG, which based on the sum of the evidence is setting up for a long side trade"
post,2025-05-29T15:20:33,Weekly Trade Plan – Crypto & Market Analysis (WO 28th April 2025),https://venture-charts.com/weekly-trade-plan-crypto-market-analysis-wo-28th-april-2025/,60,false,1,BTC|ETH|DOGE|SOL|TAO|SILVER|NVDA,,"In this week’s member update, Sam breaks down key market developments and trading setups across crypto and commodities. Topics include an updated BTC outlook, a new NVIDIA trade idea, silver analysis, and an altcoin review covering DOGE, Solana, ETH, and TAO. This analysis is designed to help you approach the markets with structure, confidence, and…"
page,2026-04-02T12:28:23,Mentoring Workshop,https://venture-charts.com/workshops/april-2026/,23,true,0,,,Mentoring Workshop Membership Required You must be a Mentoring Workshop member to access this content. Join Now Already a member? Log in here
page,2026-02-05T14:34:10,Mentoring,https://venture-charts.com/mentoring-workshop/,254,true,0,,supplyDemand|timeCycle|technicalTools,Level Up: Mentoring Workshop Live on Zoom • April 29 • 2:00 PM GMT LIVE ZOOM WORKSHOP JOIN NOW Applying the concepts from the units of work in order to identify key levels. It is recommended that participants have some basic knowledge of te
page,2025-08-05T15:38:14,Level Two: Advanced Technical Analysis,https://venture-charts.com/services/level-two/,133,false,0,,supplyDemand,"Level Two: Advanced Technical Analysis ← Back to All Plans Designed for learners committed to advancing from foundational concepts to sophisticated trading strategies. Comprehensive, structured learning units featuring clear objectives, vid"
page,2025-08-05T15:30:06,Level One: Cryptocurrency Market Analysis,https://venture-charts.com/services/level-one/,564,false,1,BTC,supplyDemand|moneyFlow|timeCycle|tradePlanning,Level One: Cryptocurrency Market Analysis ← Back to All Plans Fact-driven market analysis and educational insight focused on the crypto currency market. Quarterly Biannual Annual £27.92 per month Billed £335.00 yearly Save 38% Purchase Year
page,2025-07-15T10:56:50,Your Profile,https://venture-charts.com/membership-account/your-profile/,6,false,0,,,Log in to edit your profile.
page,2025-07-15T10:56:50,Log In,https://venture-charts.com/login/,19,false,0,,,Log In Username or Email Address Password Type in the text displayed above Remember Me Show Password Lost Password?
page,2025-07-15T10:56:49,Membership Orders,https://venture-charts.com/membership-account/membership-orders/,1,false,0,,,[pmpro_invoice]
page,2025-07-15T10:56:49,Membership Confirmation,https://venture-charts.com/membership-checkout/membership-confirmation/,1,false,0,,,[pmpro_confirmation]
page,2025-07-15T10:56:49,Membership Checkout,https://venture-charts.com/membership-checkout/,1,false,0,,,[pmpro_checkout]
page,2025-07-15T10:56:49,Membership Cancel,https://venture-charts.com/membership-account/membership-cancel/,1,false,0,,,[pmpro_cancel]
page,2025-07-15T10:56:49,Membership Billing,https://venture-charts.com/membership-account/membership-billing/,1,false,0,,,[pmpro_billing]
page,2025-07-15T10:56:49,Membership Account,https://venture-charts.com/membership-account/,31,false,0,,,"My Account Welcome, Username: Email: Edit Profile | Change Password | Log Out Discord connection Connect To Discord My Memberships You do not have an active membership. Choose a membership level."
page,2025-07-10T15:52:33,Services,https://venture-charts.com/services/,162,false,0,BTC,supplyDemand|moneyFlow|timeCycle,Venture Charts Services EXPLORE OUR MEMBERSHIP PLANS Level One Cryptocurrency Market Analysis From £27.92 / month Regular video updates on Bitcoin and alt coins Daily chart updates Crypto-focused community Longer term forecasting for crypto
page,2025-07-05T19:10:07,Weekly BTC Update,https://venture-charts.com/weekly-btc-update/,30,false,1,BTC,supplyDemand,"Weekly BTC Updates Stay Informed with Our Latest Bitcoin Market Insights Clear, concise video updates breaking down BTC price action, key levels, and supply and demand concepts — published weekly."
page,2025-07-05T10:09:54,Course Breakdown: Advanced Technical Analysis,https://venture-charts.com/advanced-course-breakdown/,321,false,0,,supplyDemand|moneyFlow|timeCycle|technicalTools|riskControl,Course Breakdown: Advanced Technical Analysis (Trading with Precision) ← Back to Level Two Explore the structured journey you’ll follow as you develop advanced charting skills and market insight with our Level Two subscription. Our Level Tw
page,2025-06-28T10:17:49,Compare Services,https://venture-charts.com/compare-services/,171,false,0,BTC,supplyDemand,Compare Our Services EXPLORE OUR PLANS SIDE-BY-SIDE TO FIND THE BEST FIT FOR YOUR TRADING JOURNEY Compare the features and pricing of all Venture Charts services — from market analysis and daily chart updates to advanced technical training 
page,2025-06-27T13:25:32,Services-backup,https://venture-charts.com/services-backup/,349,false,0,BTC,supplyDemand|moneyFlow|timeCycle|technicalTools,"Choose Your Plan Access premium educational content, exclusive video analysis chart updates and trade plans, as well as access to the Venture Charts community. Level One: Cryptocurrency Market Analysis £x / month Fact-driven market analysis"
page,2025-06-13T14:20:42,Videos,https://venture-charts.com/videos/,20,true,0,,,Membership Required You must be a member to access this content. View Membership Levels Already a member? Log in here
page,2025-04-18T14:37:55,Terms of Use,https://venture-charts.com/terms-of-use/,2343,false,0,,moneyFlow|timeCycle|riskControl,VENTURE CHARTS | Terms of Use These Terms outline how you may use Venture Charts. Please read carefully before continuing. 1. About Our Terms 1.1. These Website Terms of Use (“Terms”) explain how you may use this website and any of its cont
page,2025-04-17T15:14:17,Terms and Conditions,https://venture-charts.com/terms-and-conditions/,3698,false,0,,supplyDemand|moneyFlow|timeCycle|technicalTools|riskControl,VENTURE CHARTS | Terms and Conditions Please read the following important terms and conditions before You subscribe for a Subscription Package and enter into a Contract to licence Digital Content from Us. Please ensure you read all disclaim
page,2025-03-28T09:50:13,About Us,https://venture-charts.com/about/,339,false,0,,supplyDemand|moneyFlow|timeCycle|tradePlanning,"ABOUT US Money Flow Patterns and Supply and Demand Concepts Our Mission Venture Charts is a premium educational platform dedicated to helping traders identify high-probability market opportunities through a clear, objective approach. Specia"
page,2025-03-27T10:08:36,Posts,https://venture-charts.com/blog-page/,0,false,0,,,
page,2025-03-27T10:08:36,Home,https://venture-charts.com/,1056,true,1,BTC|ETH,supplyDemand|moneyFlow|timeCycle|riskControl|tradePlanning,"VENTURE CHARTS Money Flow Patterns & Supply-Demand Concepts Professional grade technical analysis, forecasting, and education for traders and investors. Develop the skills, supply & demand logic, and strategic mindset to navigate stocks, cr"
page,2025-03-26T10:26:45,Privacy Policy,https://venture-charts.com/privacy-policy/,592,false,0,,timeCycle|tradePlanning,"Who we are Our website address is: https://venture-charts.com Comments When visitors leave comments on the site we collect the data shown in the comments form, and also the visitor’s IP address and browser user agent string to help spam det"
